Tweet ID,Timestamp,Customer_Message,Spotify Tweet ID,Spotify Timestamp,Brand Reply,True_Intent,Action,Reason for Action
946308,Wed Oct 11 07:20:58 +0000 2017,@SpotifyCares I need help please~ just sent a pm,946306,Wed Oct 11 07:28:14 +0000 2017,@344386 Hi! We've just replied to your DM. We'll carry on helping out there /AY,general_feedback_ui,Escalate,
184600,Mon Oct 16 16:36:06 +0000 2017,"Changed password, And it's still happening?? Help please! This is driving me nuts! https://t.co/NfYGNifuKc",184599,Mon Oct 16 18:57:45 +0000 2017,"@159458 Hi Harriette, help's arrived! Can you DM us with your account's username and email address? We'll see what's going on /WW https://t.co/ldFdZRiNAt",account_access,Escalate,They are asking for a username/email via DM
189820,Sat Oct 07 15:35:52 +0000 2017,@SpotifyCares @160530 So i already have spotify student and a few nights a go i renewed my hulu account so how do i merge the two?,2055232,Sat Oct 07 19:04:26 +0000 2017,@607834 Hey! You'll need to cancel your subscription with Hulu to take advantage of this offer. You can contact them at https://t.co/YFbtrpDiqG /CO,billing_subscription,Auto,It's a standard Hulu subscription cancellation instruction
1546465,Sat Nov 04 00:18:34 +0000 2017,@SpotifyCares Why does sharing playlists on Android split the link text on SMS? It's not clickable,1546464,Sat Nov 04 01:37:01 +0000 2017,"@478872 Hey Gabriel! What Android and Spotify version are you using? Also, could you send us a screenshot with an example of how it's splitting? /BH",playlist_library_management,Auto,They are troubleshooting an Android app glitch
1280800,Thu Oct 26 16:34:12 +0000 2017,Hey @115888 will you be releasing an app for the Series 3 with LTE anytime soon? https://t.co/AV2BHa3uCS,1280799,Thu Oct 26 17:09:03 +0000 2017,"@419676 Hey Sean! We don't have any info on this right now, but we'll let the right team know it's something you'd like to see /GU",general_feedback_ui,Auto,
911252,Sat Oct 21 05:38:42 +0000 2017,"i humbly ask you, @115888, to consider supporting .gif covers.",911251,Sat Oct 21 06:55:04 +0000 2017,"@336432 Hey, this sounds like a great idea! Suggest it in our Community at https://t.co/rtDvYZOF32 and get support from other users /NY",general_feedback_ui,Auto,
1569805,Sun Nov 05 23:08:12 +0000 2017,@SpotifyCares Any possibility of making a Japanese group under genres? That would be really awesome ;),1569807,Mon Nov 06 01:16:57 +0000 2017,@165733 We can see how that’d be handy. Thanks for taking the time to reach out – your feedback's been noted 📝 /NQ,content_availability,Auto,
1853771,Thu Oct 19 12:17:17 +0000 2017,"@SpotifyCares it's only doing it now if i have another app open, 6s ios10 and most recent app update",1853774,Thu Oct 19 13:20:06 +0000 2017,@554685 2: logging out &gt; restarting your device by holding Home + Lock for 10 seconds &gt; logging back in. Keep us posted /AY,general_feedback_ui,Auto,
2355331,Mon Nov 13 18:01:28 +0000 2017,@SpotifyCares I upgraded to Premium for Family but it’s saying the address is wrong to add family members. I don’t think I ever got prompted to enter an address?,2355330,Mon Nov 13 18:58:43 +0000 2017,@573436 Hi! We've replied to your DM. We'll carry on helping there 🙂 /BX,billing_subscription,Escalate,
1105787,Mon Oct 23 23:58:41 +0000 2017,@151631 @380955 Why is not going?,1105786,Tue Oct 24 00:25:06 +0000 2017,"@380954 @151631 @380955 Hi, help's here! We've replied to your DM. Let's carry on chatting there /YM",general_feedback_ui,Escalate,
1130683,Tue Oct 24 07:51:08 +0000 2017,Can @115888 come to Nigeria . Am tired of Apple Music .,1130682,Tue Oct 24 11:54:11 +0000 2017,"@340091 Hi there! Hopefully we'll be there soon. If there's anything else, let us know /RS",general_feedback_ui,Auto,
2118720,Wed Nov 08 13:45:55 +0000 2017,@115888 so many lesser apps were optimized for iPhone X the day of launch.. can't take your devs that long can it? o.O,2118719,Wed Nov 08 14:33:33 +0000 2017,"@624400 Hey Seth! We currently don't have any info on this. Don't worry, we'll pass your feedback onto the right folks /DV",general_feedback_ui,Auto,
2749440,Mon Nov 20 23:51:07 +0000 2017,@SpotifyCares I know you may not know exactly but any idea of a rough time frame of the wait.  I have cd but dont wanna pay for itunes when i already pay $10/for this. Love spotify.  All my songs on the go,2749438,Mon Nov 20 23:55:40 +0000 2017,"@769804 We hear you loud and clear. We don't have any info on this right now, but we'll let the right team know it's something you'd like to see /JI",playlist_library_management,Auto,
79418,Fri Nov 17 10:12:32 +0000 2017,@SpotifyCares When reputation by taylor swift will be out on spotify😭,2609464,Fri Nov 17 10:22:57 +0000 2017,"@738047 Hey, Taylor Swift's 'Reputation' isn't available to stream just yet – stay tuned! For now, check out the singles: https://t.co/3h0TnPWP0c /LW",general_feedback_ui,Auto,
2919399,Tue Nov 28 21:16:12 +0000 2017,"Soo why the fuck has @115888 been down for almost one hour ??? Ya better get on and fix that shit, I’m tryna clean my room. Lol",2919398,Wed Nov 29 00:41:18 +0000 2017,"@135676 Hey Leo, hope you haven't been taken over by mutant dust bunnies. Everything should be running smoothly now. Let us know if you're still getting issues /GS",playback_streaming_issue,Auto,
1926390,Fri Oct 27 14:24:42 +0000 2017,"@115888 my family accounts all got logged out and now there are only 3 slots instead of 5, what's going on?",1926389,Fri Oct 27 15:32:10 +0000 2017,"@573317 Hey, that's not cool! Can you fire over your account's username or email address via DM? We'll see what's happening backstage /JM https://t.co/ldFdZRiNAt",general_feedback_ui,Escalate,
1078586,Sun Oct 15 01:26:29 +0000 2017,"@SpotifyCares Sure thing, here you go
spotify:album:2sguvaXAzKE5mH8FABsWOi",1078588,Sun Oct 15 01:53:14 +0000 2017,@374432 Thanks. We'll get this reported. Great detective work! https://t.co/LpsmyUtme0 /JS,content_availability,Auto,
1869190,Thu Oct 19 20:39:17 +0000 2017,"@115888 hey hey. small bug on desktop, maybe. The radio thumbnails as well as the play control bar sometimes pulse/flash weirdly. https://t.co/wI1Zbwi6Pq",1869188,Thu Oct 19 21:57:25 +0000 2017,"@558306 Hey Joseph, thanks for sending us those screenshots! Could you let us know what OS you're rocking, as well as your Spotify version? /TB",playback_streaming_issue,Auto,
787963,Thu Oct 12 10:47:22 +0000 2017,"@SpotifyCares The app pausing Spotify constantly is @116584 's Dasher app for drivers, here's screenshots of my phone and app info https://t.co/x1rnfmh6Zz",787965,Thu Oct 12 11:03:12 +0000 2017,"@166680 Thanks for the screenshots. When did this start happening, was it after a specific update or has it been happening ever since? /HC",general_feedback_ui,Auto,
1381862,Sat Oct 28 06:26:47 +0000 2017,How hard is it for you guys to have a password along with oauth @115888 ? I’m a dev and I knows it’s not hard so don’t shit on your users,1381861,Sat Oct 28 06:31:27 +0000 2017,@441619 Hi there! Help's here. Can you DM us your account's email address? We'll check things backstage /MU https://t.co/ldFdZRiNAt,account_access,Escalate,
1093445,Sun Oct 15 02:48:39 +0000 2017,"@115888 @6443 why did you remove the @10789 ""the suburbs"" album? please return it",1093444,Sun Oct 15 04:32:02 +0000 2017,@378059 Hey! Sometimes content gets temporarily removed because of licensing changes. Hopefully we'll have it available again soon /NQ,content_availability,Auto,
189924,Wed Oct 25 11:46:33 +0000 2017,@115888 Hulu worked fine for a month and now says it can’t “verify my account” with Spotify. Not the only one with this issue.,1906396,Wed Oct 25 14:02:03 +0000 2017,@568019 Hey there! Could you send us a DM with your account's email address or username? We'll take a look backstage /MA https://t.co/ldFdZRiNAt,account_access,Escalate,
1162325,Fri Nov 10 17:28:41 +0000 2017,@SpotifyCares please bring back the playlist feature on the Roku app. Epic failure. I just canceled my premium account because of this.,1162324,Fri Nov 10 17:35:17 +0000 2017,"@393477 We hear you loud and clear, Sue! We can’t make any promises but we’ll pass your feedback onto the right folks /MX",playlist_library_management,Auto,
1977636,Wed Nov 01 19:58:55 +0000 2017,"@SpotifyCares do you know what ""shuffle"" means? Why I am always listening same album in a row  in 300 songs.",1977634,Wed Nov 01 20:21:30 +0000 2017,"@585621 Hey, that doesn't sound good. Does this happen when you're using Spotify Connect, or just shuffling music on the same device? /CO",content_availability,Auto,
2876093,Tue Nov 28 03:02:29 +0000 2017,@115888 can y’all put Beyoncé’s lemonade album on Spotify already 🤦🏻‍♀️,2876092,Tue Nov 28 05:49:11 +0000 2017,"@798417 Hey Nat! We're working on it, and we hope to have it available soon. There's more info here: https://t.co/WI0fi3V8Cu. Let us know if there's anything else you need 🙂 /KC",content_availability,Auto,
1830964,Wed Oct 18 05:23:55 +0000 2017,¿ @SpotifyCares Tell me why I pay a monthly fee but y'all still playing ads???,1830963,Wed Oct 18 05:25:55 +0000 2017,@523931 Hey Ali! Can you DM us your account's username or email address? We'll take a look /YM https://t.co/ldFdZRiNAt,billing_subscription,Escalate,
2920656,Tue Nov 28 21:39:05 +0000 2017,@SpotifyCares is the web player and the app down? cant seem to listen to music,2920655,Wed Nov 29 01:16:50 +0000 2017,@441386 Hey Marlon! Everything should be running smoothly now. Let us know if this is still happening /GS,playback_streaming_issue,Auto,
1647981,Sun Nov 05 17:58:36 +0000 2017,@SpotifyCares Help! I just got my Premium again but I am unable to play any song at all. It just skips song after song!,1647980,Sun Nov 05 22:26:05 +0000 2017,@503477 Hey Enrique! Help's here. Can you DM us your account's email address? We'll see what we can suggest /RA https://t.co/ldFdZRiNAt,content_availability,Escalate,
2541832,Thu Nov 16 10:42:44 +0000 2017,Had enough with @118117 + @115888 Connect. So temperamental. Refusing to connect via Spotify app and when it does it won’t play. Reset everything and started fresh. Still no luck 🤦🏻‍♂️,2541831,Thu Nov 16 11:53:47 +0000 2017,"@722716 Hey Oliver, help's here. What device, operating system, and Spotify version are you using? Are you getting any error messages? If you could send us a screenshot of what you can see on your end, that'd be great /AY",playback_streaming_issue,Auto,
1982160,Thu Nov 02 18:08:20 +0000 2017,@117153 İ request help for it but they didnt care about it.!,1982159,Thu Nov 02 18:38:29 +0000 2017,"@586727 Hey there, we'd love to help! Can you DM us your account's username or email address? We'll take a look under the hood /AG https://t.co/ldFdZRiNAt",general_feedback_ui,Escalate,
1809154,Sat Oct 14 13:35:48 +0000 2017,"@115888 Why did the album “Mirrors” from “I Am Waiting for You Last Summer” disappear?
Will it be back soon?",1809153,Sat Oct 14 17:11:25 +0000 2017,@543513 Hey Oliver! Sometimes content gets temporarily removed because of licensing changes. Hopefully we'll have it available again soon 💚 /RV,content_availability,Auto,
189343,Wed Oct 04 19:22:50 +0000 2017,@SpotifyCares Hey I am using an iphone 6 with iOs 11.0.1 and the version of spotify is 8.4.20.535. The issue is when connected to bluetooth in my car,189342,Wed Oct 04 19:27:03 +0000 2017,@160410 Got it. Can you try updating to iOS 11.0.2 to see if that makes a difference? Let us know how everything goes /JE,playback_streaming_issue,Auto,
2202376,Thu Oct 19 13:33:20 +0000 2017,@115888 I need to see who is following my playlists so I can see who is *not* following my playlists u feel me?,2202375,Thu Oct 19 14:24:12 +0000 2017,"@644023 Hey there! We don't have any info on this right now, but we'll let the right team know it's something you'd like to see /GU",playlist_library_management,Auto,
2202394,Thu Oct 19 13:10:13 +0000 2017,@SpotifyCares  how do  cancel my premium subscription?,2202393,Thu Oct 19 14:16:18 +0000 2017,@644028 Hi there. We've just sent a DM your way. Let's carry on chatting there /QI,billing_subscription,Escalate,
864565,Fri Oct 20 15:49:49 +0000 2017,@SpotifyCares ????? https://t.co/ggE5zDjPCd,864564,Fri Oct 20 17:30:24 +0000 2017,"@325334 Hey, thanks for reporting! We'll make sure to pass this onto the team. Let us know if you have any other concerns 👍 /JM",general_feedback_ui,Auto,
2290830,Sun Nov 12 07:54:34 +0000 2017,Where is my @115888 menu bar????#update #help #dtv https://t.co/Sg4G9uV6Ci,2290827,Sun Nov 12 09:04:21 +0000 2017,"@665411 Hi Suzanne, that doesn't look right. Can you let us know the Android and Spotify versions you're running? We'll see what we can suggest /NY",general_feedback_ui,Auto,
1790160,Sun Nov 26 12:13:07 +0000 2017,"@SpotifyCares I just dumped the whole thing. I'd expect its your job to figure this out, isn't it. 
I'd expect some auto-updater left over garbage coupled with audio cache. But who knows",1790162,Mon Nov 27 00:36:06 +0000 2017,@537736 Hmm. Can you fire over the Windows and Spotify version you're currently using? We'll see what we can suggest /KB,general_feedback_ui,Auto,
1102743,Tue Oct 24 00:34:02 +0000 2017,@SpotifyCares Sorry but it didn’t work,1102744,Tue Oct 24 00:37:15 +0000 2017,"@380216 Don't worry, we're on it. Our developers are looking into this, and we'll keep everyone updated /NQ",general_feedback_ui,Auto,
2734593,Mon Nov 20 19:35:24 +0000 2017,@SpotifyCares Yeah I get that. So where do I download them with the app on my computer these are the options I have https://t.co/el2ZdaRxhB,2734592,Mon Nov 20 19:44:03 +0000 2017,@766421 Got it. Here's some handy info about listening to your music offline: https://t.co/WSjJgGAmPy /TF,playback_streaming_issue,Auto,
1320121,Wed Oct 18 05:52:55 +0000 2017,"How can I opt out of Nielsen surveillance in your app @SpotifyCares, and how is an opt out consenybeven considered legal?",1320120,Wed Oct 18 06:01:27 +0000 2017,@428243 Hey there! Can you tell us more about what's happening exactly? We'll help out /AR,general_feedback_ui,Auto,
1540328,Tue Oct 17 01:58:15 +0000 2017,"@SpotifyCares so much, they force you to signup for Twitter to get a response from them. The bulk of their support outsourced to ""community""",1540327,Tue Oct 17 02:05:37 +0000 2017,@477395 Hey! Help's here. Can you DM us your account's username and email address? We'll check behind the scenes /JL https://t.co/ldFdZRiNAt,general_feedback_ui,Escalate,
1129995,Tue Oct 24 07:07:32 +0000 2017,"@115888 Yup but when I switched devices, it be came a problem",1129993,Tue Oct 24 11:41:57 +0000 2017,"@386320 Hey, help's here. Can you let us know what exactly happened? We'll see what we can suggest /NY",general_feedback_ui,Auto,
1033886,Mon Oct 23 06:35:38 +0000 2017,@SpotifyCares Thanks for replying we got it sorted out now 😊,1033888,Mon Oct 23 06:36:37 +0000 2017,@364596 Awesome! Let us know if you ever need us again. We'd be... https://t.co/LgAM6ky9Vv /NQ,general_feedback_ui,Auto,
1017102,Sat Oct 14 16:05:53 +0000 2017,@SpotifyCares Its worked!! Took a couple of tries after restarting but it’s working fine now - cheers,1017104,Sat Oct 14 16:11:44 +0000 2017,"@360648 Awesome! We're glad that did the trick. If you ever need help with anything else, you know where to find us /QI",general_feedback_ui,Auto,
1517956,Sat Nov 04 00:03:56 +0000 2017,@SpotifyCares What's DM?,1517957,Sat Nov 04 01:22:38 +0000 2017,@472174 A DM is a direct message. You can send us one by tapping on the envelope below. We'll be waiting for your reply /MG https://t.co/ldFdZRiNAt,general_feedback_ui,Auto,
229847,Thu Oct 05 08:38:05 +0000 2017,@SpotifyCares I already tried that but I keep getting this: https://t.co/1U4HcpGicE,229849,Thu Oct 05 08:40:24 +0000 2017,@170773 Hmm. Can you search for spotify:genre:decades on the app? Scroll through the list to see your Your Time Capsule playlist /RC,general_feedback_ui,Auto,
2746355,Mon Nov 20 20:36:03 +0000 2017,"@115888 you probably know this, but it appears my podcast progress and played/unplayed isn't syncing between mobile and desktop clients",2746354,Mon Nov 20 21:35:12 +0000 2017,"@769071 Hi Kiley, the cavalry's here! Does logging out, restarting both devices, and logging back into Spotify help? Keep us posted /JI",content_availability,Auto,
2552717,Thu Nov 16 14:15:04 +0000 2017,I love how @115888 releases an app update but not to optimize it for iphone X,2552716,Thu Nov 16 14:53:05 +0000 2017,"@725077 Hi Mikey. Don't worry, we’re working on it as we speak. We appreciate your feedback. Stay tuned! /DR",general_feedback_ui,Auto,
1914533,Wed Oct 25 21:49:47 +0000 2017,"Dear @SpotifyCares, where have I this to thank from? Senk joe 😭 https://t.co/oo5OAKlHb0",1914531,Wed Oct 25 22:02:42 +0000 2017,"@570289 Hey! Discover Weekly is based on what you, and others like you, are listening to. Hopefully it’s more in tune with your tastes next week /AR",general_feedback_ui,Auto,
2587962,Mon Oct 30 16:28:52 +0000 2017,look @115888 u know i love u but if i dont get premium back soon we may have to take this outside,2587961,Mon Oct 30 18:29:14 +0000 2017,"@733230 @115888 Hey there! We just sent you a reply to your DM, so we'll continue assisting you there /TF",general_feedback_ui,Auto,
2578858,Thu Nov 16 21:53:46 +0000 2017,Junge wieso sehe ich das neue Lied von Luciano nicht auf Spotify?,2578857,Thu Nov 16 22:07:20 +0000 2017,"@731105 Hey there! We can help out in English via Twitter, but we also have German support via email at https://t.co/ZgU70TbP8M 🙂 /JI",content_availability,Auto,
1786432,Thu Oct 12 00:59:45 +0000 2017,@115888 I sometimes get the feeling that your shuffle algorithm is flawed??? Or better yet is it truly random or based off listening habit?,1786431,Thu Oct 12 01:20:27 +0000 2017,@536716 Hey there! We’ve recently made some improvements to our shuffle algorithm. We’d love to hear your feedback here: https://t.co/T3vZnSL3od /AR,playback_streaming_issue,Auto,
2818202,Mon Nov 27 03:34:32 +0000 2017,"@SpotifyCares Trying to log in to renew my premium subscription and it won’t let me. Go to forgot my password and it says I’m connected through Facebook, but when I try to Facebook login it says my account isn’t connected!",2818201,Mon Nov 27 04:30:39 +0000 2017,@785577 Hey there! We've just sent a DM your way. Let's carry on chatting there /AK,account_access,Escalate,
1683988,Mon Nov 06 18:52:26 +0000 2017,@SpotifyCares Will try that in a bit. Can't reboot at the moment. :) tyvm,1683989,Mon Nov 06 18:54:21 +0000 2017,@262187 Got it! We'll be right here waiting /KL,general_feedback_ui,Auto,
1028770,Sat Oct 14 17:45:00 +0000 2017,@SpotifyCares Samsung 7 edge,1028772,Sat Oct 14 17:55:08 +0000 2017,@363423 Thanks. Have you tried logging out &gt; restarting your device &gt; then logging back in? Does that help at all? /CO,general_feedback_ui,Auto,
1199008,Mon Oct 16 02:39:41 +0000 2017,@SpotifyCares But I have a song on Spotify but I search for it my name doesn’t come up,1199007,Mon Oct 16 02:44:40 +0000 2017,@401709 Hmm. We’d recommend reaching out to TuneCore. They'll work with our team to make sure this gets fixed up /JS,content_availability,Auto,
2382588,Tue Nov 14 06:24:01 +0000 2017,"Hi, I have a playlist on my old account, can I do transfer this playlist new account @SpotifyCares",2382587,Tue Nov 14 06:25:52 +0000 2017,@686855 Hey there! Can you DM us the email address linked to each account? We'd love to lend a hand /KC https://t.co/ldFdZRiNAt,playlist_library_management,Escalate,
2615432,Fri Nov 17 12:36:31 +0000 2017,AND SPOTIFY????????? https://t.co/PILBcd9Qlm,2615430,Fri Nov 17 13:56:26 +0000 2017,"@739299 Hey there! Taylor Swift's 'Reputation' isn't available to stream just yet – stay tuned! For now, check out the singles: https://t.co/3h0TnPWP0c /AC",general_feedback_ui,Auto,
564502,Sat Dec 02 23:48:37 +0000 2017,@SpotifyCares WHERE IS OUR YEAR END PLAYLIST,564501,Sun Dec 03 00:22:18 +0000 2017,@252229 Hey! We've just replied to your DM. Check your inbox /AP,playlist_library_management,Escalate,
2585703,Fri Nov 17 00:15:32 +0000 2017,"@SpotifyCares Hi, I was trying to.camcel my account on Tuesday but couldn't remember my login ID for my particular account. Unfortunately, I gave up and it charged me for another month's use. Is there any way you can help me?",2585702,Fri Nov 17 00:19:38 +0000 2017,@732684 Hey there! Can you DM us any emails or usernames you might've used for Spotify? We'll take a look /RB https://t.co/ldFdZRiNAt,general_feedback_ui,Escalate,
86369,Thu Nov 30 13:58:13 +0000 2017,@115888 I need more skips,86368,Thu Nov 30 14:27:09 +0000 2017,"@134857 Hey Joel! Unlimited skips and on-demand listening is part of our Premium service. If you haven't had a subscription before, check this out: https://t.co/z7umnmiukQ. Let us know if you need anything else /CX",playback_streaming_issue,Auto,
2947623,Wed Nov 29 15:23:06 +0000 2017,"@115888 - It would be really nice to be able to categorize a playlist into smaller, sub-playlist, but have it listenable at all levels.

Example for Instrumental Music:
- All
-- Movie Scores
-- Classical
-- Jazz
-- Hip Hop
-- Lo-Fi 

#Spotify #Music",2947622,Wed Nov 29 16:18:37 +0000 2017,"@814117 Hey Jay, nice idea! It's definitely something for the team to consider and we'll make sure it reaches them. Be sure to keep your ears open for future updates 👍 /AV",playlist_library_management,Auto,
1995402,Fri Nov 03 13:39:48 +0000 2017,@125633 my artist/musician page has been given to another artist. My music moved to a new page. Big problem and mistake. Need help☺️,1995401,Fri Nov 03 14:08:53 +0000 2017,"@590039 Hi, we're sorry to hear this. Could you fill out the form here https://t.co/p1wbtdELHu? Dm us the email you use &amp; we'll chase it up! /SP https://t.co/ldFdZRiNAt",content_availability,Escalate,
2145963,Sun Oct 29 00:39:28 +0000 2017,I miss Julion Alvarez @117168 bring his music back 😭😭,2145962,Sun Oct 29 03:49:21 +0000 2017,@630859 Hey Gladys. Thanks for reaching out! There's some info on Spotify content here: https://t.co/MEjmIRL2eB /JL,content_availability,Auto,
2787999,Tue Nov 21 17:37:55 +0000 2017,@SpotifyCares I keep getting 503 Service Unavailable errors when I try to access the site to update my account &amp; payment details.,2787998,Tue Nov 21 19:09:01 +0000 2017,"@778298 Hi Tom! Can you DM us your account's username or email address, along with a screenshot of the error message? We'll take a look backstage /MC https://t.co/ldFdZRiNAt",billing_subscription,Escalate,
1970699,Wed Nov 01 00:32:18 +0000 2017,@115888 why don't you show featured artists info?,1970697,Wed Nov 01 00:57:23 +0000 2017,"@583753 Hey there! Can you let us know what device, operating system, and Spotify version you're running? We'll see what we can suggest /NS",content_availability,Auto,
603597,Sun Dec 03 14:58:15 +0000 2017,"I want to hear my music everywhere in the house I have an echo.  
When can we get @115821 multiroom playback with @115888 integration!? We live in the future now, this should already be an option.",603596,Sun Dec 03 22:41:31 +0000 2017,"@263426 Hey, we hear you loud and clear, Paul! We can’t make any promises but we’ll pass your suggestion onto the right folks /PB",general_feedback_ui,Auto,
1242915,Wed Oct 25 23:05:44 +0000 2017,"@SpotifyCares all my music keeps having a sharp buzzing sound, its been like this for a week and everything ive tried doesnt work",1242914,Wed Oct 25 23:12:11 +0000 2017,"@411578 Hey there, help's here! Does logging out &gt; restarting the device &gt; logging back in help? Keep us posted 🙂 /CG",playback_streaming_issue,Auto,
2936276,Wed Nov 29 09:47:32 +0000 2017,"Also, I would like to thank @SpotifyCares for their efforts on bringing to us Maximum The Hormone on their platform. Much needed. Now, on to work for #Tool. I need me some Maynard.",2936274,Wed Nov 29 11:10:18 +0000 2017,"@333448 Hey there! We’d love to have all of Tool's stuff available, but we have some info about content here: https://t.co/1dgftcFtzc. Hope this info helps /GK",general_feedback_ui,Auto,
1658867,Mon Nov 06 05:23:25 +0000 2017,@SpotifyCares to be more specific my problem was I don't want Indonesian/Korean songs be included in the playlist. I just don't listen to them.,1658869,Mon Nov 06 05:42:00 +0000 2017,"@506118 We hear you. Rest assured, your feedback will be passed on to the right folks /NQ",playlist_library_management,Auto,
2834988,Mon Nov 27 03:32:01 +0000 2017,"The acoustic version of ""Hands Down"" by Dashboard Confessional won't play for me on @115888. This is a travesty!",2834987,Mon Nov 27 14:55:51 +0000 2017,"@789131 Hey Mariano, help's here! Can you send us the Song Link? Just tap the three dots &gt; Share &gt; Copy Link. We'll take a look backstage /RS",playback_streaming_issue,Auto,
769709,Wed Oct 11 22:25:30 +0000 2017,@SpotifyCares I'm having issues sharing links to songs. Is this a known problem?,769708,Wed Oct 11 22:28:22 +0000 2017,@303787 Hey! The cavalry's here. Are you getting a specific error message when you try sharing tracks? A screenshot of it would come in handy /KB,general_feedback_ui,Auto,
318701,Fri Oct 06 12:42:53 +0000 2017,"Bat di tinatanggap card ko?! Spotify, why???",318700,Sat Oct 07 10:33:02 +0000 2017,"@192032 Hey! We don't offer Filipino support, so we hope you don't mind if we reply in English. Also, we've just sent you a DM 🙂 /BP",billing_subscription,Escalate,
2822722,Sun Nov 26 21:14:28 +0000 2017,@125633 how do I get an artist's profile coz what am getting is not what I signed up for.....,2822721,Mon Nov 27 08:23:05 +0000 2017,"@786589 @125633 Hey! Your artist profile is created when your music's uploaded to the service. If your music is on the wrong artist profile, could you DM us a list of your releases? /I https://t.co/ldFdZRiNAt",content_availability,Escalate,
2246090,Mon Nov 13 15:04:27 +0000 2017,@SpotifyCares thank you!,2246092,Mon Nov 13 16:13:56 +0000 2017,"@654618 No worries! If you ever need anything else, just shout and we'll come running 🏃 /DF",general_feedback_ui,Auto,
351223,Sun Oct 08 11:48:02 +0000 2017,@SpotifyCares Why,351226,Sun Oct 08 12:52:21 +0000 2017,"@199558 1. Thanks for the screenshot. To clear things up, merging one playlist to another hasn't been a feature of the app, but... /KM",general_feedback_ui,Auto,
2337395,Fri Oct 20 04:12:56 +0000 2017,"@SpotifyCares wheres the new @7350 and @209394 tape, the streets waiting smh #AppleMusicGotItDoe",2337394,Fri Oct 20 05:10:30 +0000 2017,@600729 Hey Kirko! We’ll have it available to you as soon as it’s available to us. https://t.co/0i8GpimuDa /LO,content_availability,Auto,
1967965,Tue Oct 31 12:46:02 +0000 2017,@115888 f you join a family spotify account can you transfer your playlists from your old premium account. I WANT MY PLAYLISTS BACK PLS,1967964,Tue Oct 31 14:21:24 +0000 2017,"@583139 Hey there, help's here! Could you DM us your account's username or email address? We'll see what we can suggest /RE https://t.co/ldFdZRiNAt",playlist_library_management,Escalate,
2063746,Thu Oct 19 01:30:09 +0000 2017,@SpotifyCares nothing changed ):,2063747,Thu Oct 19 01:38:48 +0000 2017,@610343 Hmm. We'll forward this over to our tech team to be sorted out and keep you posted once we have updates /JU,general_feedback_ui,Auto,
1786712,Wed Oct 11 16:42:05 +0000 2017,@SpotifyCares i'm using windows 10 and the free version spotify,1786713,Wed Oct 11 16:55:24 +0000 2017,"@536781 Got it. Just to check, are you using the latest version of the app? We'd suggest heading over to Help &gt; About Spotify to make sure /JE",general_feedback_ui,Auto,
1841210,Wed Oct 18 07:04:37 +0000 2017,@SpotifyCares Thanks for your attendion 👍🏻,1841212,Wed Oct 18 07:53:00 +0000 2017,"@551775 No worries! If you need us again, you know where to find us. https://t.co/uQiQuWow27 🙂 /JN",general_feedback_ui,Auto,
2956291,Wed Nov 29 18:48:48 +0000 2017,@115888 @SpotifyCares,2956290,Wed Nov 29 19:22:10 +0000 2017,"@816035 Hey, help's here! Can you DM us your account's username or email address? We'll see what's happening backstage /JM https://t.co/ldFdZRiNAt",general_feedback_ui,Escalate,
2599165,Fri Nov 17 18:02:34 +0000 2017,"@SpotifyCares v8.4.27, iPhone, iOS 11.0.2 – I found a recent 5-page thread of Mazda owners with same problem: https://t.co/APGA5M0mhg",2599167,Fri Nov 17 19:22:34 +0000 2017,@735834 Got it! Could you try uninstalling and reinstalling the app? Let us know how it goes /DF,general_feedback_ui,Auto,
1079427,Mon Oct 23 19:26:54 +0000 2017,@SpotifyCares It’s a real shame because it’s making think real hard about joining @115948,1079426,Mon Oct 23 19:29:39 +0000 2017,@374613 We're sorry to hear that. You can show your support for the idea here: https://t.co/Z9OErWpTNz /KL,general_feedback_ui,Auto,
2834978,Mon Nov 27 16:30:29 +0000 2017,@SpotifyCares might be an apple issue but this “fixed” the problem for now: https://t.co/yln9ofRKxh,2834980,Mon Nov 27 21:31:51 +0000 2017,"@789130 That's great to hear. For anything else, we're just a tweet away /JP",general_feedback_ui,Auto,
1417875,Thu Nov 02 03:32:20 +0000 2017,@115888 for the 4.99 premium/hulu thing for students do u have to already have a hulu account or will it still work if i make one after,1417874,Thu Nov 02 03:51:43 +0000 2017,@449563 Hey there! Could you send us your account's email address or username? We'll take a look backstage /CH,billing_subscription,Escalate,
1286619,Thu Oct 26 18:33:28 +0000 2017,"seriously @115888 @spotifycares ADD 2 STEP AUTHENTICATION!!!!!!!!!

I am canceling my service until you can prevent me from getting hacked https://t.co/rUBKz0NAF4",1286618,Thu Oct 26 18:53:00 +0000 2017,@420922 Hey! We're sorry to hear that. You can help change our devs minds about this by voting here: https://t.co/YbSHEKRk7m /SJ,account_access,Auto,
2032678,Tue Nov 07 15:13:05 +0000 2017,"@SpotifyCares we've been begging for YEARS, PLEASE make your shuffle completely random. it sucks.    please.",2032677,Tue Nov 07 16:03:17 +0000 2017,@601073 Hey there! We’ve recently made improvements to our shuffle algorithm. You can send your feedback here: https://t.co/T3vZnSL3od 🙂 /KL,playback_streaming_issue,Auto,
231015,Thu Oct 05 09:54:27 +0000 2017,@115888 please add Code Red songs..🙂,231014,Thu Oct 05 09:58:36 +0000 2017,@171002 Hey there! We’ll have it available to you as soon as it’s available to us! https://t.co/0i8GpimuDa. /DB,content_availability,Auto,
2715265,Mon Nov 20 05:17:51 +0000 2017,"@SpotifyCares iPhone 6s, iOS 11.2, Spotify 8.4.27.895

Thanks!",2715263,Mon Nov 20 05:25:51 +0000 2017,"@762218 Could you log out, restart the iPhone, then log back in before checking one more time? Just make sure that the repeat option is switched off or grayed out /JU",general_feedback_ui,Auto,
2835023,Tue Nov 28 01:23:50 +0000 2017,@SpotifyCares thanks to answer... I unistall and install the app again and it is working now,2835025,Tue Nov 28 04:29:04 +0000 2017,@789144 Great! Glad to hear it's working now. Just let us know if we can help with anything else. https://t.co/m4HWSbgHVZ /LO,general_feedback_ui,Auto,
1829028,Thu Oct 19 03:56:19 +0000 2017,@SpotifyCares Taken care of thank you,1829030,Thu Oct 19 03:58:39 +0000 2017,@548890 We're glad to hear that! Feel free to send a message our way if you need us again /YM,general_feedback_ui,Auto,
2275491,Sat Nov 11 20:32:31 +0000 2017,@SpotifyCares Yes but didn’t work actually this problem occurred after the Spotify update to 8.4.26 version,2275492,Sat Nov 11 22:54:51 +0000 2017,@661838 2: app? You can follow the steps here: https://t.co/EqisDMwZAT. Keep us posted /MT,general_feedback_ui,Auto,
2026159,Mon Nov 06 15:18:48 +0000 2017,@115888 still getting a 400 Bad Request on Chrome 😐,2026158,Mon Nov 06 17:16:17 +0000 2017,@599167 Hey Andrew! Everything looks good on our end. Can you try accessing the site using a private or incognito window? Keep us posted /JE,playback_streaming_issue,Auto,
910863,Fri Oct 13 17:08:14 +0000 2017,@148611 hi spotify bakit nawala po ang Rivermaya Greatest hits? Kung kelan kumpleto na po mga fav opm songs tyka naman nawala yun.,910861,Fri Oct 13 19:57:39 +0000 2017,"@212295 2: check, are you referring to this album: https://t.co/bNFcwX1zTb? /AU",content_availability,Auto,
2669356,Sun Nov 19 09:26:41 +0000 2017,Morning tech heads- can I link Spotify and Sonos? X,2669355,Sun Nov 19 11:10:27 +0000 2017,@751821 Hey Jo! There's some info about using Sonos with Connect here: https://t.co/0NvBNHPIvI. Let us know if you have any questions /K,general_feedback_ui,Auto,
2218873,Fri Nov 10 08:15:07 +0000 2017,waiting for @115888 to release out the #reputation album,2218872,Fri Nov 10 10:05:27 +0000 2017,"@648183 Hi. Taylor Swift's 'Reputation' isn't available to stream just yet – stay tuned! For now, check out the singles: https://t.co/3h0TnPWP0c /BP",content_availability,Auto,
2251376,Fri Nov 10 20:26:49 +0000 2017,@SpotifyCares literally just want to know what stranger things mode is,2251375,Fri Nov 10 20:38:28 +0000 2017,@386987 2: It's a cool feature available for users who stream from the official playlists of the series. Try it out to see for yourself 😉 /JE,general_feedback_ui,Auto,
365596,Sun Oct 08 19:51:04 +0000 2017,"@SpotifyCares @202601 If your dev team need convincing, then you have a problem. It’s marketing who should decide on this. 🙄",365598,Sun Oct 08 22:48:29 +0000 2017,"@202602 We hear you! Rest assured, your feedback will be passed on to the right folks /TB",general_feedback_ui,Auto,
1087969,Mon Oct 23 18:29:47 +0000 2017,"@SpotifyCares *psst* can you help me get my premium back, it won't let me update payments",1087968,Mon Oct 23 18:56:07 +0000 2017,@376643 Hey there! We've just sent you a DM 🙂 /DF,billing_subscription,Escalate,
110110,Thu Nov 23 20:07:06 +0000 2017,@SpotifyCares cheers! still loving everything else,110112,Thu Nov 23 20:14:39 +0000 2017,"@140447 Awesome! If you ever need anything else, just shout and we'll come running 🏃 /TR",general_feedback_ui,Auto,
2653086,Sun Nov 19 05:12:08 +0000 2017,@SpotifyCares I got charged twice but I still have ads. I want a refund,2653085,Sun Nov 19 05:54:24 +0000 2017,@748209 Hey! Can you DM us your account's username and email address? We'll take a look backstage /JL https://t.co/ldFdZRiNAt,billing_subscription,Escalate,
1150646,Sat Oct 14 23:22:26 +0000 2017,"@SpotifyCares ""epic collection friend. your library is all filled up..."" Are you kidding me?",1150651,Sun Oct 15 00:35:45 +0000 2017,"@390770 1: Hey Mark, great detective work! We'll get this reported. https://t.co/LpsmyUtme0. Also, can you send us a screenshot of the error...",playlist_library_management,Auto,
1785598,Wed Oct 11 14:39:30 +0000 2017,"@SpotifyCares Nah, I mean in Discover Weekly or in Recommended Songs on playlists. Would be great to click ""Exclude"" on songs we don't like. Thanks!",1785600,Wed Oct 11 14:45:04 +0000 2017,"@536473 2: Just keep listening to your fave tunes. Also, you can click ""Refresh"" if the recommended songs aren't to your liking. Hope this helps /AY",playlist_library_management,Auto,
2114199,Wed Nov 08 15:38:58 +0000 2017,".@115888's ""recently played artists"" is such total bs. I listened to about 15 seconds of a Cardi B song (it was trash) and she's now my #1 recently played artist. Despite me listening to hours of other artists? The fuck???",2114198,Wed Nov 08 16:23:06 +0000 2017,"@623337 1: Hi there. We're sorry you feel that way. The Recently Played Artist shows the artists you listened to, and it's sorted to show the...",billing_subscription,Auto,
1280098,Thu Oct 26 17:28:45 +0000 2017,@SpotifyCares I should look for new glasses as well.. I didn't see this option at first! Works now. I'll extend after the free trial period :D Thanks &lt;3,1280099,Thu Oct 26 17:33:40 +0000 2017,@269793 Glad to hear it's working now. Just give us a shout if you need help with anything else. We're just a tweet away /LM,general_feedback_ui,Auto,
1836176,Wed Sep 20 18:07:45 +0000 2017,"@SpotifyCares And I am not alone, as you can see in the forum thread. You need to get the Spotify devs to look at this ASAP. Please escalate.",1836178,Wed Sep 20 19:08:11 +0000 2017,@550588 We understand. Thanks for the feedback - we appreciate it! We’ll get this passed onto the right team /TF,general_feedback_ui,Auto,
781150,Sat Nov 25 04:56:06 +0000 2017,"@SpotifyCares is there any way to give Spotify family premium as a gift? Our family loves it so much, we want to share it!",781148,Sat Nov 25 09:20:35 +0000 2017,"@306498 Hi Amy! That's a good thought, but we're afraid that Premium for Family requires a recurring payment method. How about giving them gift cards instead? More info here: https://t.co/6U9K2VcuJI. Hope this helps /MU",billing_subscription,Auto,
1376534,Mon Oct 16 18:49:35 +0000 2017,@SpotifyCares Nope. I'll just re-install the app to save us both the time. Just curious as to why's there no 'clear cache' option? A complaint since 2014,1376535,Mon Oct 16 18:53:54 +0000 2017,"@440448 Not to worry, we'll get this passed on to the right folks. For anything else, we're just a tweet away /JP",playlist_library_management,Auto,
1201574,Mon Oct 16 02:41:55 +0000 2017,Where is @18284 in @115888?,1201573,Mon Oct 16 04:52:48 +0000 2017,"@402321 Hey there! We’d love to have all of their stuff available, but we have some info about content here: https://t.co/0i8GpimuDa /DD",general_feedback_ui,Auto,
2518452,Wed Nov 15 23:33:38 +0000 2017,Dear @115888 when are y’all gonna make it possible to share my saved music,2518450,Thu Nov 16 00:27:15 +0000 2017,"@717383 Hey there! We're here to help. Can you let us know what you mean exactly? If you can give us a bit more info, that'd be great /AN",playlist_library_management,Auto,
2290446,Sun Nov 12 07:53:38 +0000 2017,@SpotifyCares @665333 Hey how can I download a single song? I can only download the whole playlist,2290449,Sun Nov 12 09:07:49 +0000 2017,"@665334 1: Hey there! It's currently not possible to download a single song without putting it in a playlist, but you can show...",playlist_library_management,Auto,
760602,Wed Oct 11 19:33:00 +0000 2017,"@115888 please comeback againt songs artist seventeen albums dunia yang indah removed , im need listen , please answer..",760601,Wed Oct 11 20:09:38 +0000 2017,@301746 Hey there! Can you DM us your account's username or email address? We'll take a look backstage /QI https://t.co/ldFdZRiNAt,content_availability,Escalate,
506058,Fri Dec 01 18:26:22 +0000 2017,@SpotifyCares I have sent a DM - thanks for looking into this. I look forward to your reply!,506057,Fri Dec 01 21:10:24 +0000 2017,@236091 You're welcome! We've just replied to your DM. Let's carry on chatting there 🙂 /CP,general_feedback_ui,Escalate,
587529,Sun Dec 03 07:41:14 +0000 2017,Why the hell is I Hate College not on @115888 @27413 #CrimesAgainstHumanity,587528,Sun Dec 03 15:32:05 +0000 2017,"@258796 Hi there! Fingers crossed we'll be able to have it soon, but there's info about Spotify content here: https://t.co/1dgftcFtzc /DV",content_availability,Auto,
1748262,Tue Nov 07 16:15:54 +0000 2017,@SpotifyCares Less ads starting now or else imma start gettin up in that ass!!!,1748264,Tue Nov 07 17:02:26 +0000 2017,"@526998 Thanks for your feedback - we'll pass it on. For now, check out https://t.co/zgnxs5kPEu if you haven't had a subscription before /CB",general_feedback_ui,Auto,
203065,Wed Oct 04 19:32:55 +0000 2017,"@SpotifyCares iphone 5s, the latest version 8.420",203064,Wed Oct 04 19:47:20 +0000 2017,"@146198 Got it. Can you try to log out, restart your device, and log back in? Does that help? /CP",general_feedback_ui,Auto,
2306180,Sun Nov 12 21:26:14 +0000 2017,@SpotifyCares also how can someone get around the unidays not working? UK university.,2306179,Mon Nov 13 00:23:21 +0000 2017,@126587 2: We can also help you out here on Twitter. Could you DM us your account's email address? We'll take a look under the hood /KB https://t.co/ldFdZRiNAt,billing_subscription,Escalate,
2731507,Mon Nov 20 15:40:38 +0000 2017,@SpotifyCares Not sure about that.,2731506,Mon Nov 20 15:46:05 +0000 2017,"@765730 Sorry to hear you feel that way. We do our best to have them! But sometimes agreements are ongoing, or can't be reached with the content provider /PB",general_feedback_ui,Auto,
1726754,Tue Nov 07 04:54:15 +0000 2017,"Dear @SpotifyCares, I don’t understand how a collection can be limited. What gives? https://t.co/lmABQNW5Af",1726753,Tue Nov 07 05:14:20 +0000 2017,@522229 Hi! We're afraid that there's currently a 10k limit in Your Music (Songs + Albums + Artists). More info here: https://t.co/59ABtm5Ftl /AK,general_feedback_ui,Auto,
2043185,Wed Oct 04 13:56:31 +0000 2017,Why pay for @115888 when it wont let me log on !!!!!!,2043184,Wed Oct 04 14:25:06 +0000 2017,"@604205 Hey Rebecca, help's here! Could you send us some details about what's happening, along with any error messages you're seeing? /MQ",account_access,Auto,
189928,Fri Oct 13 00:16:55 +0000 2017,"@115888 If I already have an acount but not with a stu email, can I switch it to my stu email to get the discount or do I have to make a new acount?",1792275,Fri Oct 13 00:41:21 +0000 2017,"@397977 Hey, help's here! You don't need to have your student email address on your account when you apply so you're all set. Hope this helps /JQ",billing_subscription,Auto,
2077242,Mon Oct 09 11:22:27 +0000 2017,@SpotifyCares I have spotify premium for over 3 years now. Why do I suddently lose all my downloaded songs? It has happenend for 3 times now,2077241,Mon Oct 09 12:29:37 +0000 2017,@614350 Hi there! Check out the steps under “Downloads unexpectedly removed” at https://t.co/38J7tFlIBF. They should help with this /SC,playlist_library_management,Auto,
278115,Sun Oct 29 13:50:53 +0000 2017,@SpotifyCares Android v7. And I have the latets version of spotify.,278114,Sun Oct 29 13:53:56 +0000 2017,@182414 Thanks! Are you getting any error messages? Does logging out &gt; restarting the device &gt; logging back in help? /PL,general_feedback_ui,Auto,
1102740,Mon Oct 23 23:43:12 +0000 2017,@SpotifyCares IOS 11.0.3 and 8.4.24,1102742,Tue Oct 24 00:30:29 +0000 2017,"@380216 Thanks! It's not ideal, but the exact steps here should help out: https://t.co/EqisDMwZAT /NQ",general_feedback_ui,Auto,
806554,Thu Oct 12 17:48:13 +0000 2017,"@SpotifyCares I get it. When you own your own streaming services, I guess you'd want your music there.",806552,Thu Oct 12 17:55:32 +0000 2017,"@163149 Thanks for your feedback! If you ever need anything else, just shout and we'll come running 🏃 /JX",general_feedback_ui,Auto,
2638602,Fri Nov 17 21:08:04 +0000 2017,@SpotifyCares @744672 I had the same issue but all my songs got deleted and I can't re-download..,2638605,Fri Nov 17 21:28:34 +0000 2017,@744673 Hi Udit! We've just replied to your DM. Check it out /MC,playlist_library_management,Escalate,
1775494,Tue Oct 10 22:25:45 +0000 2017,@SpotifyCares @SpotifyCares LMK if there's a program to accept community contributions. We all just want a better music player.,1775493,Tue Oct 10 22:29:33 +0000 2017,"@533531 We appreciate customer feedback, and we'll be happy to pass your comments on. Could you tell us more via DM? We'll be waiting /JE https://t.co/ldFdZRiNAt",general_feedback_ui,Escalate,
215425,Thu Oct 05 01:47:01 +0000 2017,@SpotifyCares I understand completely. They have always avoided a lot of mainstream outlets. But still wishful thinking :-).,215427,Thu Oct 05 02:24:07 +0000 2017,"@167190 We've got our fingers crossed! For anything else, just give us a shout. We'd be... https://t.co/LgAM6ky9Vv /AN",general_feedback_ui,Auto,
2438705,Tue Nov 14 21:36:52 +0000 2017,"Hi, @115888 iPhone X support soon?",2438704,Tue Nov 14 21:47:00 +0000 2017,"@699495 Hey, we understand - we’re working on it as we speak. Stay tuned! /CP",general_feedback_ui,Auto,
1386909,Wed Nov 01 22:39:58 +0000 2017,@SpotifyCares my 24 month premium account with Vodafone suddenly stopped working today. Is this a wider problem?,1386908,Wed Nov 01 22:41:32 +0000 2017,@442722 Hey there! Can you DM us your account's email address or username? We'll take a look /NS https://t.co/ldFdZRiNAt,billing_subscription,Escalate,
2322469,Mon Nov 13 12:58:05 +0000 2017,@SpotifyCares Hi I have two years of free Spotify premium with my Vodafone contract and for some reason today it's not premium and the two years haven't run out?,2322467,Mon Nov 13 14:28:53 +0000 2017,@672968 We've just sent you a bit more info over DM. We'll carry on helping out there /NG,billing_subscription,Escalate,
1927145,Fri Oct 27 15:24:22 +0000 2017,@SpotifyCares where's @425725 #TrialByFire ? Does the U.K. get it late or something ?,1927144,Fri Oct 27 17:04:17 +0000 2017,"@573528 Hey there! Fingers crossed we'll be able to have it soon, but there's info about Spotify content here: https://t.co/0i8GpimuDa /DF",general_feedback_ui,Auto,
1855649,Thu Oct 19 09:38:37 +0000 2017,@SpotifyCares Thank u 😇,1855651,Thu Oct 19 10:03:02 +0000 2017,"@555088 No worries! If you need us again, you know where to find us. Have a good one 🙂 /JN",general_feedback_ui,Auto,
1487003,Fri Nov 03 03:09:59 +0000 2017,@115888 you're slacking. Where's the album? https://t.co/8AtwGRLUYZ,1487002,Fri Nov 03 04:56:04 +0000 2017,@465354 Hey there! Can you DM us your account's email address? We'll take a look backstage /RB https://t.co/ldFdZRiNAt,content_availability,Escalate,
1067256,Sat Oct 14 20:11:36 +0000 2017,@SpotifyCares Can’t find some songs I’m looking for.@221912 “highDefinition” and Tamia’s “It’s a Party”. Pls add,1067255,Sat Oct 14 22:47:53 +0000 2017,"@371859 Hi Ric! Fingers crossed we'll be able to have them soon, but there's info about Spotify content here: https://t.co/0i8GpimuDa /AU",content_availability,Auto,
1198373,Wed Oct 25 02:54:19 +0000 2017,@115888 @117168 @SpotifyCares Please provide music videos too then we can end this YouTube dilemma,1198372,Wed Oct 25 03:45:04 +0000 2017,"@401560 Hey Tessa! This isn't currently available, but you can vote for the idea at https://t.co/ExzAphXe8b to help make it happen 🙂 /AR",content_availability,Auto,
2201013,Tue Nov 28 16:45:58 +0000 2017,@115888 Until wheb will this be available?,2902813,Tue Nov 28 18:33:10 +0000 2017,@803984 Hi there! Our 3 months for RM2 offer is until the 31st of Dec 2017. Hope this helps /XF,content_availability,Auto,
8247,Sun Oct 29 22:36:49 +0000 2017,"@117153 I can't log in on mobile app. When I do, screen becomes dark and that's it. No screen whatsoever. Please tell me what to do.",2483541,Mon Oct 30 00:11:25 +0000 2017,@709532 Hey Arjan! Help's here. Does closing the app and restarting your device help at all? We'll be waiting for your reply /MG,account_access,Auto,
1870663,Thu Oct 19 22:09:17 +0000 2017,"Again, @115888 lost all my saved music. And since I'm on the subway I don't have a steady internet connection to redownload.",1870662,Thu Oct 19 23:12:13 +0000 2017,@558682 Hey there! Could you send us a DM with your account's email address or username? We'll take a look backstage /FR https://t.co/ldFdZRiNAt,playlist_library_management,Escalate,
1426098,Mon Oct 16 15:49:47 +0000 2017,"@SpotifyCares Hi, I cant play any of The Weeknd's songs on my phone. I can via my iPad, though? All other artists work",1426096,Mon Oct 16 18:09:13 +0000 2017,"@451303 Hey there, help's here! Does logging out &gt; restarting the device &gt; logging back in help? Keep us posted 🙂 /VK",content_availability,Auto,
1250626,Mon Oct 16 01:15:40 +0000 2017,Anyone else having issues with #spotify connect where it connects to devices that aren't yours or others connect to you? @SpotifyCares,1250625,Mon Oct 16 03:57:51 +0000 2017,"@413414 Hi Jason. Don't worry, we'll look into this. Can you tell us what device, operating system, and exact app version you're using? /JU",playback_streaming_issue,Auto,
1780063,Wed Oct 11 19:32:27 +0000 2017,Why can't I add family member to my Spotify premium account???? #frustrated #spotify #spotifypremium @115888,1780062,Wed Oct 11 20:00:09 +0000 2017,"@534810 Hi Rachel, help has arrived. Can you DM us all accounts' (yours and your family members') email addresses or usernames? /ME https://t.co/ldFdZRiNAt",billing_subscription,Escalate,
48581,Wed Nov 01 17:11:25 +0000 2017,@SpotifyCares but when it's been 9 years since Spotify was launched,48583,Wed Nov 01 17:29:55 +0000 2017,"@126823 We understand. Rest assured, we'll update everyone who's added their email to that form when it's available! /K",general_feedback_ui,Auto,
1427793,Thu Nov 16 06:03:19 +0000 2017,@SpotifyCares If I reinstall will I have to download all my songs again?,1427791,Thu Nov 16 06:06:52 +0000 2017,"@451665 We're afraid so. We understand it's a bit of a hassle, but it could help. Would you mind giving that a try? /RH",content_availability,Auto,
833224,Mon Oct 16 19:08:51 +0000 2017,"@SpotifyCares It's mounted correctly, not sure how I check if it's internal memory though?",833225,Mon Oct 16 19:31:35 +0000 2017,@318427 You can find it under Settings &gt; Device maintenance &gt; Storage. Can you also let us know how much free space it has? We'll hang tight /WW,general_feedback_ui,Auto,
2536638,Thu Nov 16 08:13:26 +0000 2017,"@SpotifyCares I need help: the sound quality is very bad for three days. I've tried all solutions shown on your internet site, nothing works.",2536637,Thu Nov 16 08:16:05 +0000 2017,"@721595 Hey there! Can you let us know the device, operating system, and Spotify version you're using? We'll see what we can suggest /PL",playback_streaming_issue,Auto,
1229804,Wed Oct 25 18:40:47 +0000 2017,@SpotifyCares check ur dm pls,1229803,Wed Oct 25 20:43:02 +0000 2017,"@408438 Hi! We've replied to your DM, don't worry. Let's keep chatting there /M https://t.co/ldFdZRiNAt",general_feedback_ui,Escalate,
1814613,Sun Oct 15 16:40:39 +0000 2017,@SpotifyCares Someone hacked my account... changed the email address and now I can't access my tunes. Can you please help?,1814612,Sun Oct 15 22:44:46 +0000 2017,@545120 Hey there! We’re sorry to hear that. Can you DM us your account's email address or username? We'll take a look backstage /DD https://t.co/ldFdZRiNAt,account_access,Escalate,
2361920,Mon Nov 13 21:12:38 +0000 2017,@SpotifyCares My desktop has always stayed with the same artist on shuffle. This is a new issue for me.,2361922,Mon Nov 13 23:23:50 +0000 2017,"@682001 Got it. On Free, you'll hear a mix of similar tracks from other artists. Add more artists to your playlists to reduce Suggested Tracks /KL",content_availability,Auto,
616836,Thu Oct 26 03:21:22 +0000 2017,"@SpotifyCares when i try to subsc premium family account i got this error ""seems your card or payment provider is having a bad day"".",616835,Thu Oct 26 03:53:00 +0000 2017,@266359 Hey Abdul! The cavalry's here. Could you DM us your account's email address? We'll take a look under the hood /KB https://t.co/ldFdZRiNAt,billing_subscription,Escalate,
1037627,Sat Oct 14 08:06:45 +0000 2017,@SpotifyCares I can' t listen any track/album of rock band Queen. This happens in all my iOS devices (last Spotify versions). Some issues?,1037624,Sat Oct 14 14:23:04 +0000 2017,"@260315 Hi there. Can you let us know what devices and iOS versions you're running? Also, are you getting any specific error messages? /LM",content_availability,Auto,
2919379,Tue Nov 28 21:16:54 +0000 2017,@SpotifyCares I keep getting an error occurred when searching for artists 😰,2919378,Wed Nov 29 00:44:54 +0000 2017,@808037 Hey there! Everything should be running smoothly now. Let us know if this is still happening /FR,content_availability,Auto,
2360617,Mon Nov 13 19:41:53 +0000 2017,"@SpotifyCares I can't find the controls on my iPhone anymore. No search, no library. What to do.",2360616,Mon Nov 13 20:39:28 +0000 2017,@357586 Hey Simon! What iOS and Spotify version are you using? We'll see what we can suggest /BH,playlist_library_management,Auto,
1263155,Thu Oct 12 22:05:42 +0000 2017,.@115888 where's the song Pure by the Lightning Seeds?,1263154,Thu Oct 12 22:24:36 +0000 2017,"@415837 Hey Patrick! We’d love to have all of their stuff available, but we have some info about content here: https://t.co/0i8GpimuDa /SU",content_availability,Auto,
2055173,Thu Oct 19 00:11:53 +0000 2017,@SpotifyCares No error codes. On my phone whenever I select a frank song whatever’s playing stops and the bar on the bottom disappears,2055171,Thu Oct 19 00:13:33 +0000 2017,@607821 Got it. Does logging out &gt; restarting the device &gt; logging back in help? Let us know how you get on /CG,content_availability,Auto,
2190846,Thu Nov 09 18:54:45 +0000 2017,@115888 should get a dedicated anime genre and moods.,2190845,Thu Nov 09 20:16:17 +0000 2017,"@641316 Hey, help's here! We hope you vote for this idea at https://t.co/16ASxAHry1. Keep rocking 🤘 /JQ",content_availability,Auto,
2705120,Sun Nov 19 19:59:39 +0000 2017,"it's also on spotify but the bandcamp paid download has four bonus tracks, I can't even find a list of what they are and I'm very eager to find out
https://t.co/karW3M91fb",2705119,Sun Nov 19 22:57:28 +0000 2017,"@759748 2: We’d also love to have those 4 bonus tracks available, but we have some info about content here: https://t.co/0i8GpimuDa /KB",playback_streaming_issue,Auto,
2298900,Sun Nov 12 17:47:51 +0000 2017,@SpotifyCares No - i was playing on mobile and I’ve downloaded the songs. I was connected to spotty WiFi but the songs were still downloaded.,2298902,Sun Nov 12 17:52:08 +0000 2017,@667296 Got it. Can you DM us your account's email address? We'll take a look backstage /DV https://t.co/ldFdZRiNAt,content_availability,Escalate,
2289025,Sun Nov 12 04:47:51 +0000 2017,@SpotifyCares What does the feature do?,2289024,Sun Nov 12 04:54:06 +0000 2017,"@665011 When you listen to the Stranger Things soundtrack, it will let you see the album differently. More info here: https://t.co/eR59jGddYG /MT",general_feedback_ui,Auto,
637696,Wed Nov 22 17:44:17 +0000 2017,will you ever add twicetagram @115888,637695,Wed Nov 22 19:42:22 +0000 2017,@271205 We'd love to have them on Spotify! Hopefully we will in the future. Check this out: https://t.co/MEjmIRL2eB /MX,content_availability,Auto,
859966,Fri Oct 13 11:00:15 +0000 2017,"@SpotifyCares Hi, you have cancelled my family subscription; I cannot login for contact you. Please advise. Thanks, GD-H",859965,Fri Oct 13 14:15:19 +0000 2017,"@324181 Hey Gary, help's here! Can you DM us your account's email address? We'll check backstage /GK https://t.co/ldFdZRiNAt",billing_subscription,Escalate,
1643017,Tue Oct 17 10:33:23 +0000 2017,Hi @SpotifyCares please check DM. :),1643016,Tue Oct 17 13:41:12 +0000 2017,@502201 Hey! We've replied via DM now. Let's keep on chatting there 🎶 /M https://t.co/ldFdZRiNAt,general_feedback_ui,Escalate,
802599,Thu Oct 12 15:47:58 +0000 2017,@115888 hello um no offense but I cannot locate the Twilight soundtrack?,802598,Thu Oct 12 16:23:47 +0000 2017,@311247 Sometimes content gets temporarily removed because of licensing changes. Hopefully we'll have it available again soon! /SU,content_availability,Auto,
609516,Tue Oct 03 17:03:40 +0000 2017,"@SpotifyCares Thats kinda sad.. you’ve like killed the ability to share data with @70156, which gave very useful insights.. can we know why?",609517,Wed Oct 04 10:51:10 +0000 2017,"@166758 1: Thanks for sending us your feedback on this, Ruslan. We don't officially provide support relating to third party apps, but we've...",general_feedback_ui,Auto,
1914593,Wed Oct 25 21:52:16 +0000 2017,@115888 @3493 When are you guys going to get Nintendo soundtracks?? Give the people what they want!,1914592,Wed Oct 25 22:07:23 +0000 2017,"@570310 Hey there! We’ll have it available to you as soon as it’s available to us! https://t.co/0i8GpimuDa. For anything else, let us know /GU",content_availability,Auto,
1973442,Wed Nov 01 11:07:56 +0000 2017,My spotify account has ceased to exist and I don't know why.,1973441,Wed Nov 01 12:26:02 +0000 2017,@584445 Hey Paul! Help's here. Can you send us your account's email address and username per DM? We'll take a look backstage /BD https://t.co/ldFdZRiNAt,account_access,Escalate,
1599416,Sun Nov 05 09:51:45 +0000 2017,@SpotifyCares My Spotify plays on other (bt) devices. It's a car related thing.,1599417,Sun Nov 05 10:39:58 +0000 2017,"@468275 Can you let us know the year, make, and model of your BMW? We'll take look under the hood 😉 /DR",general_feedback_ui,Auto,
1352481,Fri Oct 27 17:28:17 +0000 2017,mfw still no @115888 in Serbia,1352480,Fri Oct 27 18:01:49 +0000 2017,@435405 Hey! We're launching regularly in countries around the world. Sign up here to be first to hear: https://t.co/XDwWzj7cLP /AU,general_feedback_ui,Auto,
1806920,Sat Oct 14 04:05:49 +0000 2017,"@SpotifyCares on 10/5 all my playlists were deleted (without my knowledge), including a ton of followed playlists. How can I recover them?",1806919,Sat Oct 14 08:58:26 +0000 2017,@542857 Hi Quentin! Could you send us a DM with your account's email address or username? We'll take a look backstage /DR https://t.co/ldFdZRiNAt,playlist_library_management,Escalate,
2621335,Fri Nov 17 15:22:58 +0000 2017,so yeah i forgot my spotify email and password urgh😫 wasted premium!!!,2621334,Fri Nov 17 16:08:08 +0000 2017,"@740671 Hi there! Could you send us a DM with the username of your account (if you can recall it)? If you can let us know the payment method you're using to subscribe, that'll also be great. We'll keep an eye out for your message /LP https://t.co/ldFdZRiNAt",account_access,Auto,
100149,Thu Nov 30 17:04:37 +0000 2017,@127637 des soucis avec la connection @118117 ? Impossible de me reconnecter à ma Play:1 Cc @SpotifyCares @137949,100148,Thu Nov 30 17:13:28 +0000 2017,"@137950 Hey! We can help out in English via Twitter, but we also have French support via email at https://t.co/ZgU70TbP8M /QI",playback_streaming_issue,Auto,
2489555,Sun Nov 26 08:11:14 +0000 2017,@118266 @118266 berarti premium punya saya sampai tanggal 26 Februari kan yaa?,2489553,Sun Nov 26 19:03:16 +0000 2017,"@710889 Hey! We can help out in English via Twitter, but we also have Indonesian support via email at https://t.co/ZgU70TbP8M /QI",billing_subscription,Auto,
189893,Fri Oct 20 22:46:45 +0000 2017,@115888 My accounts won’t link and I’ve contacted @SpotifyCares AND @hulu_support and neither of them can help me😭,924762,Fri Oct 20 22:53:52 +0000 2017,"@339461 Hey there! Don't worry, we're here to help. Can you DM us your account's email address or username? We'll take a look backstage /MT https://t.co/ldFdZRiNAt",billing_subscription,Escalate,
1362120,Fri Oct 27 20:31:07 +0000 2017,"@SpotifyCares Can't believe you are so prompt. Forget my problem, you're so divine. Your social listening abilities are super awesome. Rspkt",1362122,Fri Oct 27 20:34:24 +0000 2017,"@437155 Aw, thanks for those kind words. If you need any help, just give us a shout. We're here for you 🙂 /LP",general_feedback_ui,Auto,
2141719,Wed Nov 08 22:29:44 +0000 2017,@85006 Youve just blocked me for a month over a photo I posted over 3 years ago so now I cant access my @SpotifyCares account.  You allow nudity and Nazis to post online without any hindrance. Whats the story?,2141718,Wed Nov 08 22:44:21 +0000 2017,@629767 Hey Ciara! Help's here. Can you send us a DM with your account's email address? We'll take a look backstage /CH https://t.co/ldFdZRiNAt,account_access,Escalate,
1559483,Tue Oct 17 04:20:09 +0000 2017,"Hey, there was just charged twice for my Spotify premium would like to get this taken care of thanks in advance. @SpotifyCares",1559482,Tue Oct 17 04:21:47 +0000 2017,@481918 Hey there! Can you DM us your account's email address? We'll take a look /RB https://t.co/ldFdZRiNAt,billing_subscription,Escalate,
470968,Fri Dec 01 07:40:25 +0000 2017,Morning @SpotifyCares can you suggest how I can get release radar to refresh please &amp; thank you?,470966,Fri Dec 01 08:07:15 +0000 2017,"@227131 Hey there, Release Radar refreshes every Friday, so be sure to save your favorites! If it's not updating, try closing Spotify and re-opening the app to see if it helps. Let us know how it goes /LS",general_feedback_ui,Auto,
360173,Mon Sep 25 03:37:00 +0000 2017,@spotifycares how do I search my own playlist for a song on my iPhone app?,360171,Mon Sep 25 04:23:56 +0000 2017,@201307 Hey Cathy! Have you tried going to the top of the playlist then swiping down? Doing this should reveal a search bar /JL,playlist_library_management,Auto,
2045284,Wed Oct 04 19:43:06 +0000 2017,I wonder if I buy @115888 premium if it will skip as much as the free version does.,2045283,Wed Oct 04 21:24:44 +0000 2017,@604858 Hey Brittany! You'll have unlimited skips with Spotify Premium. More info at https://t.co/UZCc4OIYwm. Let us know if that helps /GU,playback_streaming_issue,Auto,
1234851,Mon Oct 16 21:58:01 +0000 2017,@SpotifyCares iOS 11.0.3 - @115888 8.4.22.515,1234852,Mon Oct 16 23:44:54 +0000 2017,"@381349 Hmm. Instead of using a cable, have you tried connecting wirelessly to your car audio using Bluetooth via Spotify Connect instead? /JU",general_feedback_ui,Auto,
2021969,Mon Nov 06 03:50:35 +0000 2017,"Can you add Twice's albums on Spotify? I know some Japanese versions are on there, but I'd like all the albums💗💗💗 @115888 @9977",2021968,Mon Nov 06 05:14:58 +0000 2017,"@597995 Hey Lani! We’d love to have all of their stuff available, but we have some info about content here: https://t.co/0i8Gpi4TeA /RA",content_availability,Auto,
818973,Thu Oct 12 22:17:39 +0000 2017,@SpotifyCares yup still nothing,818975,Thu Oct 12 22:47:32 +0000 2017,@315100 Thanks for trying. Would it be possible to try again on a different device? Keep us posted /RK,general_feedback_ui,Auto,
2777716,Tue Nov 21 14:39:58 +0000 2017,@SpotifyCares Hi! Why is it that I cannot submit to this offer? Premium for €0.99 3 months. https://t.co/wBQZFEnSMp,2777715,Tue Nov 21 15:47:58 +0000 2017,@776038 Hi there! Can you DM us your account's username or email address? We'll take a look under the hood /JM https://t.co/ldFdZRiNAt,billing_subscription,Escalate,
58943,Wed Nov 01 20:22:10 +0000 2017,"@SpotifyCares Hi, I can't seem to download songs in my tablet even though I can on my phone. The app looks completely different. Please help",58942,Wed Nov 01 20:34:58 +0000 2017,"@129424 Hi Rob, help's here! Can you let us know your device's model, OS, and Spotify version? We'll see what we can suggest /DV",content_availability,Auto,
2818840,Tue Nov 28 19:32:55 +0000 2017,@SpotifyCares https://t.co/RxvJDAiEnc,2818841,Tue Nov 28 22:52:58 +0000 2017,"@125848 Just to check, is this the album you're referring to https://t.co/dzGBdV8He5? If so, we can confirm that it's linked to the correct artist. If you think there's something else that needs to be corrected, let us know /KA",general_feedback_ui,Auto,
89543,Thu Nov 30 19:39:23 +0000 2017,@SpotifyCares I first noticed it when I upgraded from my iPhone 7+ to the X. Is this a known issue?,89544,Thu Nov 30 21:01:52 +0000 2017,@135367 We're afraid we don't have that info right now. Can you DM us your account's email address? We'll take a closer look /LM https://t.co/ldFdZRiNAt,general_feedback_ui,Escalate,
1567369,Tue Oct 17 05:45:25 +0000 2017,@SpotifyCares I can listen while playing through my phone speaker but once I connect to a device I can no longer listen to the playlist.,1567371,Tue Oct 17 05:51:00 +0000 2017,@413229 We'll take note of that. Can you DM us your account's username or email address? We'll check things out backstage /YM https://t.co/ldFdZRiNAt,account_access,Escalate,
2000817,Fri Nov 03 19:12:36 +0000 2017,@SpotifyCares @115888 Conteacted your german support about not being able to add someone to family. They told me to contact support... WTF?,2000816,Fri Nov 03 19:54:09 +0000 2017,"@591635 1: Hi, we're sorry to hear about that! We can help you here in English or you could sent a tweet to @171501 if you want...",general_feedback_ui,Auto,
1615863,Sat Nov 11 03:31:37 +0000 2017,@115888 Does this count for high school students,2275479,Sat Nov 11 06:04:00 +0000 2017,@661836 Hi! The student discount's eligible for students enrolled in an accredited college/university. More info here: https://t.co/WxWVAhamEi /MO,billing_subscription,Auto,
1960395,Mon Oct 30 21:05:10 +0000 2017,"Where's the feature on @115888's Discover Weekly playlist for me to select ""never fucking offer this song to me ever again""",1960393,Mon Oct 30 22:13:40 +0000 2017,"@581474 Hey Chloe! Discover Weekly is based on your listening history. Don't worry, we'll be sure to pass your feedback on to the right team /CH",billing_subscription,Auto,
2522619,Thu Nov 16 01:37:49 +0000 2017,@115888 hi I'm having trouble accessing my account. When someone searches me I'm still there but i can't login? What's going on?? https://t.co/wgfKZiZGS6,2522618,Thu Nov 16 01:44:00 +0000 2017,@718432 Hey! We suggest deleting your last tweet as it contains your private info. Can you DM us instead? /RB https://t.co/ldFdZRiNAt,account_access,Auto,
1400082,Sat Oct 28 14:08:14 +0000 2017,@115888 Your app is only playing commercials today. What's up with that?,1400081,Sat Oct 28 16:46:32 +0000 2017,@445547 @115888 Hi. We've replied to your DM. Check your inbox /LM,general_feedback_ui,Escalate,
1346882,Fri Oct 27 16:01:55 +0000 2017,"@181186 asaal album yelawolf-trial by fire, tak keluar kt spotify lagi?",1346880,Fri Oct 27 17:15:29 +0000 2017,"@434091 Hey! We can help out in English via Twitter, but we also have Indonesian support via email at https://t.co/ZgU70TbP8M /JI",content_availability,Auto,
2707751,Sun Nov 19 21:55:53 +0000 2017,"@115888 can we get the ""No Jumper"" podcast on the platform already?",2707750,Mon Nov 20 00:01:23 +0000 2017,@760421 Hi Dakota! We’re working hard with rights holders to get more of the best content on the service. Stay tuned! /BE,content_availability,Auto,
2710075,Mon Nov 20 00:13:41 +0000 2017,@SpotifyCares when my name is searched on spotify it comes up twice and one of them has nothing on it. Why is that?,2710074,Mon Nov 20 01:42:33 +0000 2017,"@760983 Hey, help's here! Can you DM us your account's email address? We'll take a closer look /BE https://t.co/ldFdZRiNAt",general_feedback_ui,Escalate,
2647466,Fri Nov 17 22:48:59 +0000 2017,@SpotifyCares I've moved from the UK to Canada and it won't let me change the country I'm in - and I need to change my payment card!?,2647465,Fri Nov 17 22:54:24 +0000 2017,@746951 Hey Abi! Could you send us a DM with your account's email address or username? We'll take a look backstage /LO https://t.co/ldFdZRiNAt,billing_subscription,Escalate,
1366566,Fri Oct 27 21:30:28 +0000 2017,@115888 Is there a subscription for people who are  hearing impaired?,1366567,Fri Oct 27 21:53:43 +0000 2017,"@438116 1: Hi Martin! We're afraid we don't have one right now, but we'd suggest checking out Premium for Family at https://t.co/XbTkDxdrE7.",billing_subscription,Auto,
912579,Sat Oct 21 06:14:16 +0000 2017,@115888 please stop playing creepy Halloween movie ads while I’m in the gym by myself at 1am thanks,912578,Sat Oct 21 07:27:53 +0000 2017,"@336718 Sorry, we didn't mean to scare you! We'll pass your feedback on to our Ads team. For anything else, you know where to reach us /DR",general_feedback_ui,Auto,
581521,Sun Dec 03 12:22:12 +0000 2017,"@115888 my account has been hacked, what should I do? sent an email and also FB chat but no one is responding",581519,Sun Dec 03 12:42:25 +0000 2017,@257041 Hey Paul! We've just sent a DM your way. Let's carry on chatting there /JA,account_access,Escalate,
